{
    "classification": {
        "auc_roc": {
            "logical_anomalies": 0.5973179502547199,
            "mean": 0.6272013019720861,
            "structural_anomalies": 0.6570846536894522
        }
    },
    "localization": {
        "auc_spro": {
            "logical_anomalies": {
                "0.01": 0.08859218377005992,
                "0.05": 0.21812626499083868,
                "0.1": 0.29804683455940656,
                "0.3": 0.4432514046480179,
                "1.0": 0.7143712673892283
            },
            "mean": {
                "0.01": 0.09881823172424943,
                "0.05": 0.2137400111365191,
                "0.1": 0.29280805568778834,
                "0.3": 0.48131590625775567,
                "1.0": 0.7544122136028436
            },
            "structural_anomalies": {
                "0.01": 0.10904427967843894,
                "0.05": 0.20935375728219954,
                "0.1": 0.2875692768161701,
                "0.3": 0.5193804078674935,
                "1.0": 0.7944531598164589
            }
        }
    }
}